;seqProtocolo;numProtocolo;codHash;tipStatusProtocolo;datDataEnvioProtocolo;codIpEnvio;qtdProcessosLote;qtdProcessosSucesso;qtdProcessosErro;siglaOrgao;grau;tamanhoArquivo;urlArquivo;flgExcluido;data;descStatusProtocolo
0;666134413;TJPE98998202110071633624279181;f3a01476ac94d17f9134fecdd97ed362eaab19e38b4b27cc587adc0877fb1e95;3;1633624279186;;67;65;0;TJPE;G1;617069.0;2021/TJPE/10/G1/TJPE98998202110071633624279181;False;2021-10-07 13:31:19.186;Processado com sucesso
1;666134356;TJPE82640202110071633624276796;fa7808118e6eeb981b16563694ae655de6b1decfa27ad044cc9014a1ea61758c;7;1633624276796;;0;0;0;TJPE;G1;;2021/TJPE/10/G1/TJPE82640202110071633624276796;False;2021-10-07 13:31:16.796;Erro no arquivo
2;666134341;TJPE46543202110071633624275675;54180dfd0aa66ec0d5b01820d849337f19ceb3ff2cc0bfe34bd812f865e5b45c;3;1633624275680;;70;70;0;TJPE;G1;560984.0;2021/TJPE/10/G1/TJPE46543202110071633624275675;False;2021-10-07 13:31:15.680;Processado com sucesso
3;666134291;TJPE42704202110071633624273438;20582fac92499a1bb26ffa903f89309d85d29b0b23ea978d1bc5b9e55ffdca47;3;1633624273444;;89;89;0;TJPE;G1;797493.0;2021/TJPE/10/G1/TJPE42704202110071633624273438;False;2021-10-07 13:31:13.444;Processado com sucesso
4;666134222;TJPE66549202110071633624270820;5fb1908a058d7507a689270a018f81b0b379959f1ac153c2f1220b3ced6f041f;7;1633624270825;;0;0;0;TJPE;G1;;2021/TJPE/10/G1/TJPE66549202110071633624270820;False;2021-10-07 13:31:10.825;Erro no arquivo
5;666134169;TJPE69273202110071633624267989;97a6577eccb9001019acc13f097b6f9a02ada576abfe9724ad8c70ed5a561de9;7;1633624267994;;0;0;0;TJPE;G1;;2021/TJPE/10/G1/TJPE69273202110071633624267989;False;2021-10-07 13:31:07.994;Erro no arquivo
6;666134116;TJPE14984202110071633624265862;7eb6fb94bba5c8e2b3da354b2019dca7699110738a691b03ace53c6559696fa1;7;1633624265867;;0;0;0;TJPE;G1;;2021/TJPE/10/G1/TJPE14984202110071633624265862;False;2021-10-07 13:31:05.867;Erro no arquivo
7;666134068;TJPE50345202110071633624263804;4fa4e404c3b721e9a733fcc01ef15e5ef41ae6831290fb7a23bbfef610a31bcd;3;1633624263809;;65;64;0;TJPE;G1;741093.0;2021/TJPE/10/G1/TJPE50345202110071633624263804;False;2021-10-07 13:31:03.809;Processado com sucesso
8;666134030;TJPE78526202110071633624261993;bd2a8e2c2a6040aa66c975a16595fab5e61464fe1414d5fff25973ee3a65006f;3;1633624261996;;31;31;0;TJPE;G1;347357.0;2021/TJPE/10/G1/TJPE78526202110071633624261993;False;2021-10-07 13:31:01.996;Processado com sucesso
9;666134018;TJPE48273202110071633624260607;10ef8f6a409e5fbe3128c3413c2a49ddebd3f80e98305ebcc67fb59085ebed88;3;1633624260610;;22;22;0;TJPE;G1;260014.0;2021/TJPE/10/G1/TJPE48273202110071633624260607;False;2021-10-07 13:31:00.610;Processado com sucesso
10;666134005;TJPE20345202110071633624259343;9b518102b17721e8ba6e07f66b3cb786d2d5b56e89203dcb7033e28cb9160377;3;1633624259344;;19;19;0;TJPE;G1;177356.0;2021/TJPE/10/G1/TJPE20345202110071633624259343;False;2021-10-07 13:30:59.344;Processado com sucesso
11;666133990;TJPE61214202110071633624258207;fcb3367fab76ac6bd478e0d71e3e8ab5dfa3f65ace53695ac0f036500d0755fd;3;1633624258209;;18;18;0;TJPE;G1;192836.0;2021/TJPE/10/G1/TJPE61214202110071633624258207;False;2021-10-07 13:30:58.209;Processado com sucesso
12;666133971;TJPE31940202110071633624257090;e25fdcd823bb77c436836df8cda78bf11468f2a24eb52343f458366f70648e58;3;1633624257092;;29;29;0;TJPE;G1;294100.0;2021/TJPE/10/G1/TJPE31940202110071633624257090;False;2021-10-07 13:30:57.092;Processado com sucesso
13;666133947;TJPE77741202110071633624255821;9c84ab51dabd0bfa6bf7a368df9dc948c201f3e287f8e176fa918808fd96c1b3;3;1633624255825;;27;27;0;TJPE;G1;280774.0;2021/TJPE/10/G1/TJPE77741202110071633624255821;False;2021-10-07 13:30:55.825;Processado com sucesso
14;666133917;TJPE96789202110071633624254307;c3468b06e047617361ccd2a670e0a54bb4156b460d153f1fd815404a948bd842;3;1633624254309;;26;25;0;TJPE;G1;240246.0;2021/TJPE/10/G1/TJPE96789202110071633624254307;False;2021-10-07 13:30:54.309;Processado com sucesso
15;666133890;TJPE26829202110071633624253117;f790d5b153252ea2bd8b2d0cb2fac3c0755f3fb8bfc1b8a2216020ecb8234bd9;7;1633624253123;;0;0;0;TJPE;G1;;2021/TJPE/10/G1/TJPE26829202110071633624253117;False;2021-10-07 13:30:53.123;Erro no arquivo
16;666133860;TJPE30798202110071633624251788;ed852202c4bb6100bedcffdb3ed471180a42b54f93f0b473a4e2ac9d44877241;3;1633624251791;;37;37;0;TJPE;G1;391489.0;2021/TJPE/10/G1/TJPE30798202110071633624251788;False;2021-10-07 13:30:51.791;Processado com sucesso
17;666133792;TJPE71875202110071633624249812;9da2da6547533a65fa892002206a8569c0d8211ddd496b3784646fa260e41a87;3;1633624249815;;40;38;0;TJPE;G1;413156.0;2021/TJPE/10/G1/TJPE71875202110071633624249812;False;2021-10-07 13:30:49.815;Processado com sucesso
18;666133747;TJPE51005202110071633624248276;3f5a81af52cdd9661d4edc84959f01e34379336421bf95b6eb9a1da1db9c6dc4;7;1633624248283;;0;0;0;TJPE;G1;;2021/TJPE/10/G1/TJPE51005202110071633624248276;False;2021-10-07 13:30:48.283;Erro no arquivo
19;666133716;TJPE27103202110071633624245853;e75a2eccf1884f31afb8ae3c86e29dca8e95688aa42ed374ce99c73d9ee14633;3;1633624245858;;55;55;0;TJPE;G1;644532.0;2021/TJPE/10/G1/TJPE27103202110071633624245853;False;2021-10-07 13:30:45.858;Processado com sucesso
20;666133694;TJPE73000202110071633624243901;00c314d5459ff8534c9880b6751f58733c05c3369893dde32f9e166a9992a9ed;3;1633624243906;;50;50;0;TJPE;G1;562840.0;2021/TJPE/10/G1/TJPE73000202110071633624243901;False;2021-10-07 13:30:43.906;Processado com sucesso
21;666133643;TJPE19581202110071633624240817;db5d2775a708dda650214007a9477282af5641c3fec4fa9df1c78a9f1f2425bd;3;1633624240822;;49;48;0;TJPE;G1;586251.0;2021/TJPE/10/G1/TJPE19581202110071633624240817;False;2021-10-07 13:30:40.822;Processado com sucesso
22;666133611;TJPE93698202110071633624239229;25b6e49c6e8a4a2a5674289f7d5ee5f30cc92ed7e7ebefaaacb25f3ed495b6a5;3;1633624239233;;59;56;0;TJPE;G1;583506.0;2021/TJPE/10/G1/TJPE93698202110071633624239229;False;2021-10-07 13:30:39.233;Processado com sucesso
23;666133589;TJPE86902202110071633624237019;3deec32c2034e092e79919fd3a04ea4fad06ac8afcbbe40511e0a1b7e6a7dc78;3;1633624237025;;70;70;0;TJPE;G1;731095.0;2021/TJPE/10/G1/TJPE86902202110071633624237019;False;2021-10-07 13:30:37.025;Processado com sucesso
24;666133562;TJPE55983202110071633624234848;f48de1fdabe2e302e8cdccdf1bb5578ad83cd374af6ba2001465808c3d51338c;3;1633624234863;;74;72;0;TJPE;G1;910417.0;2021/TJPE/10/G1/TJPE55983202110071633624234848;False;2021-10-07 13:30:34.863;Processado com sucesso
25;666133556;TJPE76426202110071633624232647;c25966466a0060dfe28d8fb5350d0b8f378666e6c58efe8c6eade4be7b364d71;7;1633624232653;;0;0;0;TJPE;G1;;2021/TJPE/10/G1/TJPE76426202110071633624232647;False;2021-10-07 13:30:32.653;Erro no arquivo
26;666133546;TJPE49085202110071633624230748;56006e8b0fb5311df3b19600b3dd807de59924d1448e6838754f9f7dc4c2a1cb;3;1633624230752;;54;54;0;TJPE;G1;534064.0;2021/TJPE/10/G1/TJPE49085202110071633624230748;False;2021-10-07 13:30:30.752;Processado com sucesso
27;666133541;TJPE14448202110071633624228842;47fe733096f743c842fab7aebc39aa406c0713a86b25cefe42a967b3a4d79f8f;7;1633624228849;;0;0;0;TJPE;G1;;2021/TJPE/10/G1/TJPE14448202110071633624228842;False;2021-10-07 13:30:28.849;Erro no arquivo
28;666133515;TJPE42810202110071633624225562;e6643363a736eeb18a4d59f3d9d45a882b497b98db5bf60ac979ef138b411c75;7;1633624225565;;0;0;0;TJPE;G1;;2021/TJPE/10/G1/TJPE42810202110071633624225562;False;2021-10-07 13:30:25.565;Erro no arquivo
29;666133484;TJPE29497202110071633624223858;391a5affa10698e55a3df96b4882550abab27535b94b34e6297e650417cf1e56;3;1633624223862;;47;42;0;TJPE;G1;432094.0;2021/TJPE/10/G1/TJPE29497202110071633624223858;False;2021-10-07 13:30:23.862;Processado com sucesso
30;666133466;TJPE63659202110071633624222335;619c81393a85b19aebc34e9c671250bd3a3570cef5653b9ec629f06de0b862cc;3;1633624222339;;50;48;0;TJPE;G1;457214.0;2021/TJPE/10/G1/TJPE63659202110071633624222335;False;2021-10-07 13:30:22.339;Processado com sucesso
31;666133451;TJPE86774202110071633624220650;a01d91146e51f603b29e4740c273dfcd8a4c202c2eff208f267cd8b6096c0699;3;1633624220655;;53;53;0;TJPE;G1;555144.0;2021/TJPE/10/G1/TJPE86774202110071633624220650;False;2021-10-07 13:30:20.655;Processado com sucesso
32;666133438;TJPE88564202110071633624218603;9f8876c6fb306107b18617ae6da703e26147e08802b107042865c0ff473a3a1c;7;1633624218606;;0;0;0;TJPE;G1;;2021/TJPE/10/G1/TJPE88564202110071633624218603;False;2021-10-07 13:30:18.606;Erro no arquivo
33;666133432;TJPE44757202110071633624217136;f5e4329ea26df21e5b470a4db4444d4795f4f29ca0e8ec2715c2496ea62ce358;3;1633624217140;;51;51;0;TJPE;G1;427434.0;2021/TJPE/10/G1/TJPE44757202110071633624217136;False;2021-10-07 13:30:17.140;Processado com sucesso
34;666133428;TJPE30145202110071633624215178;414b9669eaf5b7fdfd3c64aa0f17e277e05fdf244fca700d3c5385f3b0adc683;3;1633624215184;;44;44;0;TJPE;G1;453180.0;2021/TJPE/10/G1/TJPE30145202110071633624215178;False;2021-10-07 13:30:15.184;Processado com sucesso
35;666133422;TJPE12360202110071633624213321;a6dafb4afb64bf42b9a44b25cecbe474f0f6660eda8f61b05b0d07cad72aefe7;3;1633624213326;;49;48;0;TJPE;G1;443655.0;2021/TJPE/10/G1/TJPE12360202110071633624213321;False;2021-10-07 13:30:13.326;Processado com sucesso
36;666133412;TJPE82767202110071633624211595;d781dd174d31e65abc47b73c326372b561bf68ed613eb6e5a96b9a3799df90c0;3;1633624211598;;42;40;0;TJPE;G1;402886.0;2021/TJPE/10/G1/TJPE82767202110071633624211595;False;2021-10-07 13:30:11.598;Processado com sucesso
37;666133399;TJPE17645202110071633624210008;efc68e917cb69e6867efd3fb8ffbad42ddde7b382e83548dec131aa63676d0a1;3;1633624210012;;48;48;0;TJPE;G1;479366.0;2021/TJPE/10/G1/TJPE17645202110071633624210008;False;2021-10-07 13:30:10.012;Processado com sucesso
38;666133388;TJPE77808202110071633624208032;61ebedb2f116ad5a1b0e20d54a47459ece4136f6a7728f251786e552d35b40da;3;1633624208041;;59;58;0;TJPE;G1;608900.0;2021/TJPE/10/G1/TJPE77808202110071633624208032;False;2021-10-07 13:30:08.041;Processado com sucesso
39;666133378;TJPE47141202110071633624206226;feecf267296174becb40ba0cca71d92bfe31b32c18df09da1af44a2539d7e9d6;3;1633624206230;;54;54;0;TJPE;G1;555701.0;2021/TJPE/10/G1/TJPE47141202110071633624206226;False;2021-10-07 13:30:06.230;Processado com sucesso
0;666133368;TJPE10633202110071633624203436;b1eaaae4bc7956ca57413ab616961bcb64ce55896c9d507542776e8477225861;3;1633624203442;;57;57;0;TJPE;G1;608794.0;2021/TJPE/10/G1/TJPE10633202110071633624203436;False;2021-10-07 13:30:03.442;Processado com sucesso
1;666133360;TJPE52143202110071633624200999;4aa0d80a17445977450963db68efbfdbe8c5ba0507f0831fa5c663b017693b5a;3;1633624201006;;46;46;0;TJPE;G1;493454.0;2021/TJPE/10/G1/TJPE52143202110071633624200999;False;2021-10-07 13:30:01.006;Processado com sucesso
2;666133337;TJPE30857202110071633624199123;ef9841c80d2daf9382fd4ccc75f4390fbf3a67aee5e255b967bddc6ed248fdc8;3;1633624199126;;45;45;0;TJPE;G1;389151.0;2021/TJPE/10/G1/TJPE30857202110071633624199123;False;2021-10-07 13:29:59.126;Processado com sucesso
3;666133319;TJPE68948202110071633624197246;8ac72bd4e3864bb43c0fc5a2522d7dcd15f00211b15d33b66b3886d7e4e80220;7;1633624197249;;0;0;0;TJPE;G1;;2021/TJPE/10/G1/TJPE68948202110071633624197246;False;2021-10-07 13:29:57.249;Erro no arquivo
4;666133308;TJPE10035202110071633624195103;d70e5f375e92c6a342ff98dc624688fb78ad06f6788799b7c39c9860ad7289f5;3;1633624195109;;50;48;0;TJPE;G1;494032.0;2021/TJPE/10/G1/TJPE10035202110071633624195103;False;2021-10-07 13:29:55.109;Processado com sucesso
5;666133298;TJPE55096202110071633624192890;0619f199959d157a615675344b74b8dbe7d8bf0c958961601670d1e578ce140d;3;1633624192899;;58;58;0;TJPE;G1;557385.0;2021/TJPE/10/G1/TJPE55096202110071633624192890;False;2021-10-07 13:29:52.899;Processado com sucesso
6;666133272;TJPE43169202110071633624188055;109950f2b4e4644d203a12e3cae1124537d52798c7ca4e371b0145abae29274b;7;1633624188058;;0;0;0;TJPE;G1;;2021/TJPE/10/G1/TJPE43169202110071633624188055;False;2021-10-07 13:29:48.058;Erro no arquivo
7;666133253;TJPE13487202110071633624186568;39db465821c595ead9243fd723c711f2f58ed41477f7e7fa0450b81c94c9b196;3;1633624186572;;43;43;0;TJPE;G1;475560.0;2021/TJPE/10/G1/TJPE13487202110071633624186568;False;2021-10-07 13:29:46.572;Processado com sucesso
8;666133243;TJPE17741202110071633624184779;2b5f591217a29c98fa41bc1e3e6a6c13e58cfde2af94409454590aa6ef4a63b9;3;1633624184853;;60;60;0;TJPE;G1;597973.0;2021/TJPE/10/G1/TJPE17741202110071633624184779;False;2021-10-07 13:29:44.853;Processado com sucesso
9;666133237;TJPE93395202110071633624182554;a95b955e088bf795b3695c1a59672a3e975ae41c8937bd4255598dfb94c2f7f1;3;1633624182562;;46;46;0;TJPE;G1;401284.0;2021/TJPE/10/G1/TJPE93395202110071633624182554;False;2021-10-07 13:29:42.562;Processado com sucesso
10;666133231;TJPE33876202110071633624181167;700a8e33daa2e439eca7069f66615a8bfeb1423ea820cf0fe6b0ce65e3ce5e65;3;1633624181170;;46;46;0;TJPE;G1;398383.0;2021/TJPE/10/G1/TJPE33876202110071633624181167;False;2021-10-07 13:29:41.170;Processado com sucesso
11;666133220;TJPE21292202110071633624179250;117950386a8b2e63d40813ca82928106a88849f565d2d0695fb1cc1754ce7d64;3;1633624179255;;71;71;0;TJPE;G1;633348.0;2021/TJPE/10/G1/TJPE21292202110071633624179250;False;2021-10-07 13:29:39.255;Processado com sucesso
12;666133219;TJPE17675202110071633624177497;e508efa20b6dd3504b347eea1d5c4dee0a1b128e25b2611db389671642072c65;3;1633624177502;;69;69;0;TJPE;G1;594713.0;2021/TJPE/10/G1/TJPE17675202110071633624177497;False;2021-10-07 13:29:37.502;Processado com sucesso
13;666133190;TJPE36687202110071633624173876;384ee8a6ad3d37f12f021db2cc4614fc148bc9302fdadac63ef789a8a260f7c9;3;1633624173881;;73;73;0;TJPE;G1;667105.0;2021/TJPE/10/G1/TJPE36687202110071633624173876;False;2021-10-07 13:29:33.881;Processado com sucesso
14;666133183;TJPE37490202110071633624171813;080f15d8599d364874da7716f2f3f5cf95615c402ee39e13759b5554f736ab24;3;1633624171819;;74;74;0;TJPE;G1;695098.0;2021/TJPE/10/G1/TJPE37490202110071633624171813;False;2021-10-07 13:29:31.819;Processado com sucesso
15;666133172;TJPE85194202110071633624170005;2025d91396d237c1ef118849d8cd33d816bd4bfeda8c7b29fe2258f8f0cd87be;3;1633624170010;;71;68;0;TJPE;G1;627891.0;2021/TJPE/10/G1/TJPE85194202110071633624170005;False;2021-10-07 13:29:30.010;Processado com sucesso
16;666133142;TJPE81269202110071633624167941;241a75a70c15d73620c558710d55a09d641ccc354649c945417bd929261550a8;3;1633624167987;;80;80;0;TJPE;G1;673040.0;2021/TJPE/10/G1/TJPE81269202110071633624167941;False;2021-10-07 13:29:27.987;Processado com sucesso
17;666133103;TJPE52676202110071633624165973;008467e5a68da1863459b2207b2d851e84c2720c9af43f012e121c946e3ccd40;7;1633624165979;;0;0;0;TJPE;G1;;2021/TJPE/10/G1/TJPE52676202110071633624165973;False;2021-10-07 13:29:25.979;Erro no arquivo
18;666132884;TJPE25703202110071633624133738;205e5b4171ea69f4310a8291b52451dfa5922908ae4822ebe08c4820c3ad99d0;3;1633624133742;;64;64;0;TJPE;G1;465591.0;2021/TJPE/10/G1/TJPE25703202110071633624133738;False;2021-10-07 13:28:53.742;Processado com sucesso
19;666132862;TJPE10467202110071633624132215;29b5fdc16727e36c3941865c28aea740c1d63804a5512a77693c9f3124f0ddcc;3;1633624132222;;66;63;0;TJPE;G1;569500.0;2021/TJPE/10/G1/TJPE10467202110071633624132215;False;2021-10-07 13:28:52.222;Processado com sucesso
20;666132834;TJPE10823202110071633624130360;b954eef7f0995fd8eab7a78b707a4d2eada09af6b100b1c3a831c5fc2f90b6bb;3;1633624130364;;68;68;0;TJPE;G1;559547.0;2021/TJPE/10/G1/TJPE10823202110071633624130360;False;2021-10-07 13:28:50.364;Processado com sucesso
21;666132805;TJPE85941202110071633624128398;038458dbf4f5fe0eb1e767e3a5e9a28aa2a35d4879c8b48ba0f9d9695b415b8a;3;1633624128403;;67;67;0;TJPE;G1;578653.0;2021/TJPE/10/G1/TJPE85941202110071633624128398;False;2021-10-07 13:28:48.403;Processado com sucesso
22;666132796;TJPE45392202110071633624126695;5d33b3a8189ce516ecf61bd0e4a2c696d4c4b5880f86472d10bca36f27b63f28;3;1633624126700;;67;67;0;TJPE;G1;595693.0;2021/TJPE/10/G1/TJPE45392202110071633624126695;False;2021-10-07 13:28:46.700;Processado com sucesso
23;666132785;TJPE68465202110071633624124846;fa0f6dc2ed69bbf3f519d923e546cbb40665f2dee6a9ccee7869b4f2f69a7792;3;1633624124854;;68;68;0;TJPE;G1;621868.0;2021/TJPE/10/G1/TJPE68465202110071633624124846;False;2021-10-07 13:28:44.854;Processado com sucesso
24;666132771;TJPE92880202110071633624123067;6f1f4f1040edeb05bc620916be3549873d7cd738ae81423dfe0cd8fdc4502fc9;3;1633624123073;;69;65;0;TJPE;G1;721664.0;2021/TJPE/10/G1/TJPE92880202110071633624123067;False;2021-10-07 13:28:43.073;Processado com sucesso
25;666132762;TJPE72506202110071633624121082;244bfd2700c5a0a5c468f11fac61e372355cad0793252c3cc7df75a36d01737e;3;1633624121086;;57;56;0;TJPE;G1;563826.0;2021/TJPE/10/G1/TJPE72506202110071633624121082;False;2021-10-07 13:28:41.086;Processado com sucesso
26;666132756;TJPE28368202110071633624119344;f9da9011eae28481efabc1238e1fd0a32d3f78011c628cc9b301dfc369529722;3;1633624119349;;73;70;0;TJPE;G1;691166.0;2021/TJPE/10/G1/TJPE28368202110071633624119344;False;2021-10-07 13:28:39.349;Processado com sucesso
27;666132746;TJPE48945202110071633624117032;59bf973144a66438419ed24c13793997a34e8a83413d9cf8aa3e57ab72b5e316;3;1633624117040;;70;70;0;TJPE;G1;562852.0;2021/TJPE/10/G1/TJPE48945202110071633624117032;False;2021-10-07 13:28:37.040;Processado com sucesso
28;666132730;TJPE24710202110071633624115368;21ccba46064e7c047a6a205e76b1e3848ec41f3981730d5110d88eb771390daa;3;1633624115373;;74;74;0;TJPE;G1;609137.0;2021/TJPE/10/G1/TJPE24710202110071633624115368;False;2021-10-07 13:28:35.373;Processado com sucesso
29;666132711;TJPE49413202110071633624113592;db1590fe7eb65fdab7356e67540f9c2e2e7fbd3461e52e9040aa214e3b206af3;3;1633624113596;;67;67;0;TJPE;G1;554045.0;2021/TJPE/10/G1/TJPE49413202110071633624113592;False;2021-10-07 13:28:33.596;Processado com sucesso
30;666132695;TJPE57079202110071633624111868;ba938fa16d231c3d538f083d87fd56f8c48866c5dbbefcf1c04af3421a693c66;3;1633624111873;;64;63;0;TJPE;G1;574403.0;2021/TJPE/10/G1/TJPE57079202110071633624111868;False;2021-10-07 13:28:31.873;Processado com sucesso
31;666132680;TJPE47195202110071633624109820;9fd8c881bb328ae11cac5a79488d83aeeecb2bb1f1384009d92b1b75f4e8eb49;3;1633624109826;;72;72;0;TJPE;G1;522822.0;2021/TJPE/10/G1/TJPE47195202110071633624109820;False;2021-10-07 13:28:29.826;Processado com sucesso
32;666132662;TJPE77532202110071633624108267;f7e202ffe47604c9e86a450f3a37277d5105ca9ba2dd5513c8866c051883565d;3;1633624108274;;69;69;0;TJPE;G1;563886.0;2021/TJPE/10/G1/TJPE77532202110071633624108267;False;2021-10-07 13:28:28.274;Processado com sucesso
33;666132644;TJPE63985202110071633624106554;0f78adc15f353ab2b3986916219e8d5f6731208c271a2f22d905afa9e78637cb;3;1633624106559;;73;69;0;TJPE;G1;647030.0;2021/TJPE/10/G1/TJPE63985202110071633624106554;False;2021-10-07 13:28:26.559;Processado com sucesso
34;666132628;TJPE18974202110071633624104085;a91b4c32e16f2dbab25e66fc922ec5685973d9101f0e544b01e49a8464303dfc;3;1633624104093;;79;79;0;TJPE;G1;604239.0;2021/TJPE/10/G1/TJPE18974202110071633624104085;False;2021-10-07 13:28:24.093;Processado com sucesso
35;666132601;TJPE55083202110071633624101946;56765a0a63955b48d6d3a5941426ef3bf55ca480b5ea6692ec1422d68fae31be;7;1633624101952;;0;0;0;TJPE;G1;;2021/TJPE/10/G1/TJPE55083202110071633624101946;False;2021-10-07 13:28:21.952;Erro no arquivo
36;666132578;TJPE41678202110071633624100319;7999f46fbe174328f1a13f33d3d87f344ea4417634d1bd148c5bdb5aab0bc4f1;3;1633624100326;;64;64;0;TJPE;G1;480604.0;2021/TJPE/10/G1/TJPE41678202110071633624100319;False;2021-10-07 13:28:20.326;Processado com sucesso
37;666132567;TJPE33928202110071633624098764;8a8006a2aa87221ba5a32f961ce64b618c0e59d40e2a18779446817eef0e9d19;3;1633624098768;;65;65;0;TJPE;G1;514740.0;2021/TJPE/10/G1/TJPE33928202110071633624098764;False;2021-10-07 13:28:18.768;Processado com sucesso
38;666132548;TJPE89349202110071633624096640;7016aa22ab02591699640bbc76f21174357d37c32caa0d212937f8bd9e6d17f3;3;1633624096644;;62;58;0;TJPE;G1;457977.0;2021/TJPE/10/G1/TJPE89349202110071633624096640;False;2021-10-07 13:28:16.644;Processado com sucesso
39;666132531;TJPE91678202110071633624094475;cf296ef17aeb14ccc9aa2fe38f9b803645c8fafef93ca1e44b8c46e16ab25217;7;1633624094479;;0;0;0;TJPE;G1;;2021/TJPE/10/G1/TJPE91678202110071633624094475;False;2021-10-07 13:28:14.479;Erro no arquivo
0;666132516;TJPE78940202110071633624092789;32ed615a49e8129a75df5c6a4aee408f84443f701efc9d7dc36e0c7ffa701d4d;3;1633624092794;;68;68;0;TJPE;G1;605108.0;2021/TJPE/10/G1/TJPE78940202110071633624092789;False;2021-10-07 13:28:12.794;Processado com sucesso
1;666132510;TJPE46284202110071633624090893;f36443ecfa828e18f2364aae4122693b47a68b6dd4db20ff3cbe361b6c6ab2da;3;1633624090898;;68;68;0;TJPE;G1;551109.0;2021/TJPE/10/G1/TJPE46284202110071633624090893;False;2021-10-07 13:28:10.898;Processado com sucesso
2;666132499;TJPE12633202110071633624088981;7ce3cd4ff0d1a568149dfacaffdfa957e5a325306ecc69a8a8b68af5de6f013a;3;1633624088985;;68;67;0;TJPE;G1;552064.0;2021/TJPE/10/G1/TJPE12633202110071633624088981;False;2021-10-07 13:28:08.985;Processado com sucesso
3;666132490;TJPE12231202110071633624087282;eb20a6a98dab43dbfe5101f8b6b8e65e8d0fa1139e6c9c1eb13d13536b95a024;3;1633624087286;;71;71;0;TJPE;G1;516241.0;2021/TJPE/10/G1/TJPE12231202110071633624087282;False;2021-10-07 13:28:07.286;Processado com sucesso
4;666132480;TJPE40138202110071633624085567;2c7d3e8a3c3cd4cda87a588a220005798da2198ae64a9dbc7c39004ac69688fb;7;1633624085570;;0;0;0;TJPE;G1;;2021/TJPE/10/G1/TJPE40138202110071633624085567;False;2021-10-07 13:28:05.570;Erro no arquivo
5;666132474;TJPE35796202110071633624084134;af428c8176cdb784755784e872a7499f2caf2ad74d13f88392f0766b3df77425;3;1633624084138;;66;66;0;TJPE;G1;490907.0;2021/TJPE/10/G1/TJPE35796202110071633624084134;False;2021-10-07 13:28:04.138;Processado com sucesso
6;666132467;TJPE65383202110071633624082497;08b382af5fe36fe59fc61a4d6c7a909be73e47c5b27b27f34fc1243109c64625;3;1633624082504;;57;57;0;TJPE;G1;421723.0;2021/TJPE/10/G1/TJPE65383202110071633624082497;False;2021-10-07 13:28:02.504;Processado com sucesso
7;666132457;TJPE23830202110071633624080467;804e8b476fd24c37bde6c4aee2da3ebbb337f7fd13bab611a57f388e0e1d585a;3;1633624080479;;61;58;0;TJPE;G1;522941.0;2021/TJPE/10/G1/TJPE23830202110071633624080467;False;2021-10-07 13:28:00.479;Processado com sucesso
8;666132438;TJPE51316202110071633624078873;f70b554be3c6e0dec74c0d0e3da5a31a607e5e9355f9dee9de5003c4f5d623fb;3;1633624078877;;68;68;0;TJPE;G1;492768.0;2021/TJPE/10/G1/TJPE51316202110071633624078873;False;2021-10-07 13:27:58.877;Processado com sucesso
9;666132424;TJPE11931202110071633624076935;600f6f61884c9c86ab6584e91372ab609e2a18c89339713aecd3a7ba167694f2;3;1633624076939;;72;70;0;TJPE;G1;503381.0;2021/TJPE/10/G1/TJPE11931202110071633624076935;False;2021-10-07 13:27:56.939;Processado com sucesso
10;666132391;TJPE54953202110071633624074683;6d300a841a5ade48c77d35a72df4475ea15feaa4fdb1c5dcdad387b15f936547;7;1633624074688;;0;0;0;TJPE;G1;;2021/TJPE/10/G1/TJPE54953202110071633624074683;False;2021-10-07 13:27:54.688;Erro no arquivo
11;666132377;TJPE52461202110071633624072885;fb81909ede9c3c76e7835f4c175c8c81c031f365a92ba285f25d24859f509eff;3;1633624072889;;61;61;0;TJPE;G1;487023.0;2021/TJPE/10/G1/TJPE52461202110071633624072885;False;2021-10-07 13:27:52.889;Processado com sucesso
12;666132363;TJPE43774202110071633624071357;8b5737b16f1efd98a1891f2cfbba4b3ef512282a4863fd29889fa9c9d459f487;3;1633624071361;;69;69;0;TJPE;G1;543339.0;2021/TJPE/10/G1/TJPE43774202110071633624071357;False;2021-10-07 13:27:51.361;Processado com sucesso
13;666132349;TJPE35953202110071633624069799;cc62a378de2a9b75231e609db23e8bfc6912a3c302b9d7bb19ddff50a0f96be5;3;1633624069803;;75;72;0;TJPE;G1;538114.0;2021/TJPE/10/G1/TJPE35953202110071633624069799;False;2021-10-07 13:27:49.803;Processado com sucesso
14;666132322;TJPE36632202110071633624067156;a0312a0cc04988c1a1bb4b33b4eed407c643f6832a0918ffe8dc35df4fbe1772;3;1633624067160;;73;73;0;TJPE;G1;483739.0;2021/TJPE/10/G1/TJPE36632202110071633624067156;False;2021-10-07 13:27:47.160;Processado com sucesso
15;666132300;TJPE39874202110071633624065597;61e9d513e227529a7ad3a7734ffeac9ca939344c1a359004189d3911d9ccfcd7;3;1633624065601;;66;65;0;TJPE;G1;477407.0;2021/TJPE/10/G1/TJPE39874202110071633624065597;False;2021-10-07 13:27:45.601;Processado com sucesso
16;666132284;TJPE28278202110071633624063425;027b44b01d562a56c5ea458cda60c31f20431aede79d22c2274e924fc44307e1;3;1633624063429;;75;75;0;TJPE;G1;501778.0;2021/TJPE/10/G1/TJPE28278202110071633624063425;False;2021-10-07 13:27:43.429;Processado com sucesso
17;666132119;TJPE49217202110071633624047761;09be92c9e662f394b8beb0f17a47610ebe3e3b8c0e28fe4f6420242722c1ad41;3;1633624047769;;76;76;0;TJPE;G1;599854.0;2021/TJPE/10/G1/TJPE49217202110071633624047761;False;2021-10-07 13:27:27.769;Processado com sucesso
18;666132108;TJPE81963202110071633624045846;c8f253ac4b7eeb651dcd76492e4de5e6adf6c70f8f649466192c14afeaf13995;3;1633624045851;;66;66;0;TJPE;G1;467285.0;2021/TJPE/10/G1/TJPE81963202110071633624045846;False;2021-10-07 13:27:25.851;Processado com sucesso
19;666132096;TJPE73868202110071633624044024;5fcd8e0d658f76c4274ba715651019faf039416e91d010eb84a6f9ac0c22f1b4;3;1633624044030;;81;80;0;TJPE;G1;689830.0;2021/TJPE/10/G1/TJPE73868202110071633624044024;False;2021-10-07 13:27:24.030;Processado com sucesso
20;666132077;TJPE93765202110071633624042324;ff4e7a0699b08713d158790bdc808303680715470e6bbddcf1e87969b9285e27;3;1633624042327;;64;62;0;TJPE;G1;474529.0;2021/TJPE/10/G1/TJPE93765202110071633624042324;False;2021-10-07 13:27:22.327;Processado com sucesso
21;666132046;TJPE45912202110071633624040639;6f84c6975d0911a869b00fafa130c96e2d074643ff37c0ab1253fa0c4f22e95c;3;1633624040646;;79;79;0;TJPE;G1;549204.0;2021/TJPE/10/G1/TJPE45912202110071633624040639;False;2021-10-07 13:27:20.646;Processado com sucesso
22;666132001;TJPE71391202110071633624038919;4d04e56e644c4cb2e198ae86e6e3c1c801fe977046f1acbaefb2ee812cf28b07;3;1633624038925;;72;72;0;TJPE;G1;530916.0;2021/TJPE/10/G1/TJPE71391202110071633624038919;False;2021-10-07 13:27:18.925;Processado com sucesso
23;666131965;TJPE82711202110071633624037288;86c6b9deedb8d2acff0e1394290f6da912dbd3dcd06d536fd76e909eb874f498;3;1633624037293;;78;78;0;TJPE;G1;608730.0;2021/TJPE/10/G1/TJPE82711202110071633624037288;False;2021-10-07 13:27:17.293;Processado com sucesso
24;666131931;TJPE61280202110071633624035573;e84ee99fed28908a2866b989ec00dd8329fa7fa9fa3d7e8c7bb0fd8150ac69e4;7;1633624035579;;0;0;0;TJPE;G1;;2021/TJPE/10/G1/TJPE61280202110071633624035573;False;2021-10-07 13:27:15.579;Erro no arquivo
25;666131770;TJPE52089202110071633624020897;6ff8c0d558dc8c8a143783ad04cbc605a52f03ba56740a83ee27baa46a5fcde6;3;1633624020904;;82;82;0;TJPE;G1;562669.0;2021/TJPE/10/G1/TJPE52089202110071633624020897;False;2021-10-07 13:27:00.904;Processado com sucesso
26;666131708;TJPE94455202110071633624016610;e17cda09e29fa51d843509c9fcb3f20e9e6804e690267b2dc000f23d10a22897;3;1633624016615;;74;71;0;TJPE;G1;555955.0;2021/TJPE/10/G1/TJPE94455202110071633624016610;False;2021-10-07 13:26:56.615;Processado com sucesso
27;666131660;TJPE82213202110071633624013961;76628a334b4ff64176caaece8d48aba0a132e7f8cdcbaeada993246bbbd37b76;3;1633624013967;;87;87;0;TJPE;G1;714006.0;2021/TJPE/10/G1/TJPE82213202110071633624013961;False;2021-10-07 13:26:53.967;Processado com sucesso
28;666131541;TJPE61309202110071633624008747;141d10e96121532ade461dce4b6da0403e98de314e28fadb48b691e03592ab57;3;1633624008752;;80;78;0;TJPE;G1;637201.0;2021/TJPE/10/G1/TJPE61309202110071633624008747;False;2021-10-07 13:26:48.752;Processado com sucesso
29;666131431;TJPE48009202110071633624004599;384a532201a21db2805c1bef9d4654d373a7c816e2e25f70e8af1f7e0d686912;3;1633624004603;;83;81;0;TJPE;G1;631565.0;2021/TJPE/10/G1/TJPE48009202110071633624004599;False;2021-10-07 13:26:44.603;Processado com sucesso
30;666131343;TJPE23601202110071633624000896;3e781250d932206b7253215dbcee24b0c247cf0bf025e3ddbd4718ead013f21d;3;1633624000903;;69;69;0;TJPE;G1;502551.0;2021/TJPE/10/G1/TJPE23601202110071633624000896;False;2021-10-07 13:26:40.903;Processado com sucesso
31;666131287;TJPE99582202110071633623997725;e66f5e5e253feacc9bf9f01a2bf5de5787504daee166e862a77103b157ba4f00;7;1633623997729;;0;0;0;TJPE;G1;;2021/TJPE/10/G1/TJPE99582202110071633623997725;False;2021-10-07 13:26:37.729;Erro no arquivo
32;666131260;TJPE34746202110071633623996030;c01f06322fc67d20324934326de2194469ceef2d3de5c63c03505d961b5fafd3;3;1633623996035;;75;75;0;TJPE;G1;535581.0;2021/TJPE/10/G1/TJPE34746202110071633623996030;False;2021-10-07 13:26:36.035;Processado com sucesso
33;666131241;TJPE38481202110071633623993765;dd3abcf193a0701ca48939d0102e1d2d0948f2e58768cb3a0fdf376ff6a91e6e;3;1633623993770;;76;76;0;TJPE;G1;566204.0;2021/TJPE/10/G1/TJPE38481202110071633623993765;False;2021-10-07 13:26:33.770;Processado com sucesso
34;666131221;TJPE20233202110071633623992119;a2722e97ce1e413b3aa37ef3551d1091640444613ce353309ba215bf699e4dbc;3;1633623992127;;85;85;0;TJPE;G1;681704.0;2021/TJPE/10/G1/TJPE20233202110071633623992119;False;2021-10-07 13:26:32.127;Processado com sucesso
35;666131209;TJPE45271202110071633623989784;87659827f94e484a8837d765a11f2a78082416dd75d9d0eff7f024e6cb3c1add;3;1633623989789;;82;82;0;TJPE;G1;681621.0;2021/TJPE/10/G1/TJPE45271202110071633623989784;False;2021-10-07 13:26:29.789;Processado com sucesso
36;666131185;TJPE81263202110071633623987300;e9ec4217ef4c3d25be5aabc9cba9d4dc7f071a8537f159fbc3163def8890ae05;3;1633623987305;;86;85;0;TJPE;G1;582857.0;2021/TJPE/10/G1/TJPE81263202110071633623987300;False;2021-10-07 13:26:27.305;Processado com sucesso
37;666131174;TJPE15852202110071633623985681;971d99d42be11df46f797fb69d2c11cecceda2aee76f674793167042a8eccbfc;3;1633623985689;;81;80;0;TJPE;G1;643789.0;2021/TJPE/10/G1/TJPE15852202110071633623985681;False;2021-10-07 13:26:25.689;Processado com sucesso
38;666131153;TJPE79354202110071633623983643;982cf26a486a0fba58a5f564230d8078d1a556ec417c5159421fe710b004a4f6;3;1633623983649;;86;86;0;TJPE;G1;647898.0;2021/TJPE/10/G1/TJPE79354202110071633623983643;False;2021-10-07 13:26:23.649;Processado com sucesso
39;666131131;TJPE37442202110071633623981741;86fa66e69b72d7437d77f804528b267cc9eb8a600baddeb102ca6f8c071227ed;3;1633623981746;;80;80;0;TJPE;G1;564614.0;2021/TJPE/10/G1/TJPE37442202110071633623981741;False;2021-10-07 13:26:21.746;Processado com sucesso
0;666131122;TJPE76659202110071633623980013;7c8cf0d7541ad5babeab91ec613928ce2e0ace880fc8361a23df3ebb0da6cda1;3;1633623980018;;80;80;0;TJPE;G1;605179.0;2021/TJPE/10/G1/TJPE76659202110071633623980013;False;2021-10-07 13:26:20.018;Processado com sucesso
1;666131113;TJPE74928202110071633623978201;5f1750c293e258d67ddba22c6c677a19d12df257ae3a8f57299abbe8732a9d29;7;1633623978209;;0;0;0;TJPE;G1;;2021/TJPE/10/G1/TJPE74928202110071633623978201;False;2021-10-07 13:26:18.209;Erro no arquivo
2;666131104;TJPE23053202110071633623975998;e56df747a1982d02ad459a4ebc1c616f2857c958fe00c384228d7b11f990208b;3;1633623976005;;80;79;0;TJPE;G1;647761.0;2021/TJPE/10/G1/TJPE23053202110071633623975998;False;2021-10-07 13:26:16.005;Processado com sucesso
3;666131096;TJPE83104202110071633623974180;b8680222e05d5fcbbe0932ea391211ea643337b5504c1d4d76d727e37717f5b5;3;1633623974185;;80;77;0;TJPE;G1;636951.0;2021/TJPE/10/G1/TJPE83104202110071633623974180;False;2021-10-07 13:26:14.185;Processado com sucesso
4;666131080;TJPE38592202110071633623972374;17cb22e043b3abb7ee318823473e26eb987f944b5497596dd8d768bc9f44bd20;3;1633623972381;;80;80;0;TJPE;G1;559783.0;2021/TJPE/10/G1/TJPE38592202110071633623972374;False;2021-10-07 13:26:12.381;Processado com sucesso
5;666131057;TJPE66424202110071633623970760;054302943ae9d94f3ea0f5e8dda5e6f1914386c42db7bdf1ed416e09b64136c1;3;1633623970771;;83;83;0;TJPE;G1;643319.0;2021/TJPE/10/G1/TJPE66424202110071633623970760;False;2021-10-07 13:26:10.771;Processado com sucesso
6;666131011;TJPE95395202110071633623967273;693e1b5af79392ebfd9f051630b004d24fe01a67f9fcf1925a68db972b8edda6;3;1633623967281;;83;82;0;TJPE;G1;693696.0;2021/TJPE/10/G1/TJPE95395202110071633623967273;False;2021-10-07 13:26:07.281;Processado com sucesso
7;666130992;TJPE15562202110071633623965378;9da07bfd58852fe466a9edb6a7ea132e640bf3ccfcec96bfd01dcbbdbe0f8258;3;1633623965383;;81;81;0;TJPE;G1;624009.0;2021/TJPE/10/G1/TJPE15562202110071633623965378;False;2021-10-07 13:26:05.383;Processado com sucesso
8;666130977;TJPE25131202110071633623963654;368c06919dc27147571470a365511bac5acaa0133bdbaac5eae1a02fcb0369a1;3;1633623963659;;81;81;0;TJPE;G1;692205.0;2021/TJPE/10/G1/TJPE25131202110071633623963654;False;2021-10-07 13:26:03.659;Processado com sucesso
9;666130963;TJPE89734202110071633623961712;3c85dfdb58bf5de9da44be57afa226361beca461192eb4c81c794b251737440c;7;1633623961720;;0;0;0;TJPE;G1;;2021/TJPE/10/G1/TJPE89734202110071633623961712;False;2021-10-07 13:26:01.720;Erro no arquivo
10;666130951;TJPE99120202110071633623959857;bcd9bc77317024b9f8b820feaa5b57e00abe723fe85e4cc1943ef076d489444b;3;1633623959862;;85;84;0;TJPE;G1;698530.0;2021/TJPE/10/G1/TJPE99120202110071633623959857;False;2021-10-07 13:25:59.862;Processado com sucesso
11;666130934;TJPE30772202110071633623957456;7fe34e68e4c7f2f0bd292f970b2354cb277142ddd9d64415f8670cf150daebd5;3;1633623957461;;83;81;0;TJPE;G1;612574.0;2021/TJPE/10/G1/TJPE30772202110071633623957456;False;2021-10-07 13:25:57.461;Processado com sucesso
12;666130916;TJPE10121202110071633623955036;597270214b2c9f0b6971fb5393601c6d7cc135c36c69bdd733ab6688800b2bc9;7;1633623955041;;0;0;0;TJPE;G1;;2021/TJPE/10/G1/TJPE10121202110071633623955036;False;2021-10-07 13:25:55.041;Erro no arquivo
13;666130901;TJPE25689202110071633623952608;7d2e7590f6fb044761b92b2ee4530c0ffd47d0dc4fbd059abe0e90d3b67fecc2;7;1633623952616;;0;0;0;TJPE;G1;;2021/TJPE/10/G1/TJPE25689202110071633623952608;False;2021-10-07 13:25:52.616;Erro no arquivo
14;666130892;TJPE59459202110071633623950830;f7b9a2359384b17e5570ee42cb0a2e276b12374f3efc63f6afbaef4397f46d56;3;1633623950839;;87;87;0;TJPE;G1;666749.0;2021/TJPE/10/G1/TJPE59459202110071633623950830;False;2021-10-07 13:25:50.839;Processado com sucesso
15;666130886;TJPE92324202110071633623948987;a57d3ed2ab2524e788c36b37fa1e209d73a29ac84e2501c63bdb7247f5b8a894;7;1633623948995;;0;0;0;TJPE;G1;;2021/TJPE/10/G1/TJPE92324202110071633623948987;False;2021-10-07 13:25:48.995;Erro no arquivo
16;666130880;TJPE83480202110071633623946838;b385105000e332e06012a59cc6b99ebae3c1223513fc916f2d8d102b90cf9211;3;1633623946843;;88;81;0;TJPE;G1;662781.0;2021/TJPE/10/G1/TJPE83480202110071633623946838;False;2021-10-07 13:25:46.843;Processado com sucesso
17;666130863;TJPE57731202110071633623944450;d9cc441939ea6ac8c393c8041f701743ba9de88f40194e8b7b4ee3b1ca1152f2;3;1633623944458;;87;87;0;TJPE;G1;654665.0;2021/TJPE/10/G1/TJPE57731202110071633623944450;False;2021-10-07 13:25:44.458;Processado com sucesso
18;666130851;TJPE52827202110071633623942163;dce220f6ef0c4f5fd77bdfd63c6f391b215ddd401692d5e1a92b336a6bf70dd1;3;1633623942168;;77;77;0;TJPE;G1;587770.0;2021/TJPE/10/G1/TJPE52827202110071633623942163;False;2021-10-07 13:25:42.168;Processado com sucesso
19;666130840;TJPE38501202110071633623940513;00ab253679945adeb1b7b833e26a09377a6a9f152f72364d9bf5523eadff453f;7;1633623940519;;0;0;0;TJPE;G1;;2021/TJPE/10/G1/TJPE38501202110071633623940513;False;2021-10-07 13:25:40.519;Erro no arquivo
20;666130832;TJPE11006202110071633623938072;863649c48bd1ef7cf57894848a2c985c9233c812028b6913736a5699b3ff00b6;3;1633623938080;;81;81;0;TJPE;G1;624561.0;2021/TJPE/10/G1/TJPE11006202110071633623938072;False;2021-10-07 13:25:38.080;Processado com sucesso
21;666130823;TJPE84427202110071633623936291;79462b3eb2d92a00e6ee9f687d5f420d10ef9ac58ac5b3be769a9d8c596c5ca5;3;1633623936295;;80;76;0;TJPE;G1;578806.0;2021/TJPE/10/G1/TJPE84427202110071633623936291;False;2021-10-07 13:25:36.295;Processado com sucesso
22;666130816;TJPE63881202110071633623934530;cd2ada97065923d77b01065abbaaf4cf977dfaf497bb3234c59cdf12fe09994a;7;1633623934535;;0;0;0;TJPE;G1;;2021/TJPE/10/G1/TJPE63881202110071633623934530;False;2021-10-07 13:25:34.535;Erro no arquivo
23;666130809;TJPE73609202110071633623932756;395fec61d6d2640d4f32775d4d15627fa70fefb904f7f403552a8b9af628bca0;3;1633623932764;;85;85;0;TJPE;G1;584535.0;2021/TJPE/10/G1/TJPE73609202110071633623932756;False;2021-10-07 13:25:32.764;Processado com sucesso
24;666130800;TJPE99490202110071633623930955;77275cc6f8815975a8848087bc6dec7715cb8df6194b765e1c09eeec0fc8e763;7;1633623930960;;0;0;0;TJPE;G1;;2021/TJPE/10/G1/TJPE99490202110071633623930955;False;2021-10-07 13:25:30.960;Erro no arquivo
25;666130786;TJPE95107202110071633623928831;1450e78faf1c0a3b4cb323fda0ce1e38b235c0fe5f7af3eec1e8c875b940c91a;3;1633623928836;;87;86;0;TJPE;G1;642497.0;2021/TJPE/10/G1/TJPE95107202110071633623928831;False;2021-10-07 13:25:28.836;Processado com sucesso
26;666130779;TJPE40794202110071633623927120;69e412cdeb594ac377b3adbd60239dc87b8cc61229f5fae6fe875aff46a94767;3;1633623927126;;85;85;0;TJPE;G1;724261.0;2021/TJPE/10/G1/TJPE40794202110071633623927120;False;2021-10-07 13:25:27.126;Processado com sucesso
27;666130770;TJPE18557202110071633623925341;c87e1722bda6636fbfadf2a8ce1d66feb03d3d13b9518077e5eb185a140cc753;7;1633623925346;;0;0;0;TJPE;G1;;2021/TJPE/10/G1/TJPE18557202110071633623925341;False;2021-10-07 13:25:25.346;Erro no arquivo
28;666130760;TJPE95876202110071633623923226;2e07b3651227baca564f6e85b8230323b72fc4fa2cee6c505840de1f1fc23ba6;3;1633623923237;;87;85;0;TJPE;G1;641344.0;2021/TJPE/10/G1/TJPE95876202110071633623923226;False;2021-10-07 13:25:23.237;Processado com sucesso
29;666130738;TJPE54505202110071633623921356;c06d7be1cf05c6530ecff973024ed2dcf2cc22e2d87e18ed7e630a78ef7b4698;3;1633623921361;;90;90;0;TJPE;G1;682430.0;2021/TJPE/10/G1/TJPE54505202110071633623921356;False;2021-10-07 13:25:21.361;Processado com sucesso
30;666130720;TJPE52906202110071633623919017;e27de3874e88cc9918779dd782057ce8f41f9a7a8ee5c197f715a46dc3282f12;7;1633623919024;;0;0;0;TJPE;G1;;2021/TJPE/10/G1/TJPE52906202110071633623919017;False;2021-10-07 13:25:19.024;Erro no arquivo
31;666130707;TJPE32396202110071633623917172;8144fc81572113eddf17bc88cc12770c07063185d7831caa2c4584bfa1c3f1fd;3;1633623917177;;86;85;0;TJPE;G1;639606.0;2021/TJPE/10/G1/TJPE32396202110071633623917172;False;2021-10-07 13:25:17.177;Processado com sucesso
32;666130691;TJPE61803202110071633623914843;4bf2762a2a60e19a22c891a8e9f8a5c87c6e29d5ea90ddb57364e5da9997f9a9;7;1633623914889;;0;0;0;TJPE;G1;;2021/TJPE/10/G1/TJPE61803202110071633623914843;False;2021-10-07 13:25:14.889;Erro no arquivo
33;666130686;TJPE45490202110071633623913088;3bf17e76083de2296b78659cb0f8ee95a82d4f9d06dfec2a5d5a80d44c4bfea0;3;1633623913092;;82;80;0;TJPE;G1;592635.0;2021/TJPE/10/G1/TJPE45490202110071633623913088;False;2021-10-07 13:25:13.092;Processado com sucesso
34;666130679;TJPE12790202110071633623911275;329b4eb03d63282831085bb5ac4d866fe1a27ce20df4262256082f44e3c29d92;3;1633623911284;;85;84;0;TJPE;G1;702894.0;2021/TJPE/10/G1/TJPE12790202110071633623911275;False;2021-10-07 13:25:11.284;Processado com sucesso
35;666130670;TJPE91717202110071633623909075;ce4dca8eea6af0d4033cca87e7f2b3ca5d72b151099a7c1f747547b237eddaff;3;1633623909080;;86;86;0;TJPE;G1;640579.0;2021/TJPE/10/G1/TJPE91717202110071633623909075;False;2021-10-07 13:25:09.080;Processado com sucesso
36;666130651;TJPE73780202110071633623906736;4f2772ba175f53bfda4155cb3c0e6f3ad15132315034e18e84d212669326507c;3;1633623906742;;90;87;0;TJPE;G1;725276.0;2021/TJPE/10/G1/TJPE73780202110071633623906736;False;2021-10-07 13:25:06.742;Processado com sucesso
37;666130617;TJPE58071202110071633623904365;0a97f1ae98c061cc8864be750285870bcf53ba03956e80c3487b36987d28598e;7;1633623904371;;0;0;0;TJPE;G1;;2021/TJPE/10/G1/TJPE58071202110071633623904365;False;2021-10-07 13:25:04.371;Erro no arquivo
38;666130589;TJPE60697202110071633623901690;02b4a7e4b4e2e70d2d06803a183f020b9d5f039bf2a698d120b02c04cb200fff;3;1633623901695;;82;80;0;TJPE;G1;666274.0;2021/TJPE/10/G1/TJPE60697202110071633623901690;False;2021-10-07 13:25:01.695;Processado com sucesso
39;666130567;TJPE37451202110071633623899170;9f366c7d17729310dd4cece43ae34592b13f51618125d73aa3273a0717a75f4f;7;1633623899175;;0;0;0;TJPE;G1;;2021/TJPE/10/G1/TJPE37451202110071633623899170;False;2021-10-07 13:24:59.175;Erro no arquivo
0;666130549;TJPE38693202110071633623897256;c08a044b0c9bfd28b7acfadd42d15ecd8104ab2ee3ae32aaf967dec6a9085484;3;1633623897261;;86;83;0;TJPE;G1;606895.0;2021/TJPE/10/G1/TJPE38693202110071633623897256;False;2021-10-07 13:24:57.261;Processado com sucesso
1;666130538;TJPE25518202110071633623895214;3c7854e1ff1417f18a15cae3829f5e85900f072afdc25b48ed1a92d170577ee3;3;1633623895218;;82;79;0;TJPE;G1;570048.0;2021/TJPE/10/G1/TJPE25518202110071633623895214;False;2021-10-07 13:24:55.218;Processado com sucesso
2;666130529;TJPE41690202110071633623893365;916584206375f400b45bed792c79f10f1a2b14338ad00d0bbec2c71b42c69dc9;3;1633623893375;;87;87;0;TJPE;G1;779583.0;2021/TJPE/10/G1/TJPE41690202110071633623893365;False;2021-10-07 13:24:53.375;Processado com sucesso
3;666130506;TJPE82932202110071633623891189;fcc653aa9f3b770df2ac9608ff343d78dad74225b31c0115ee109efd194cf6ab;3;1633623891195;;89;89;0;TJPE;G1;676841.0;2021/TJPE/10/G1/TJPE82932202110071633623891189;False;2021-10-07 13:24:51.195;Processado com sucesso
4;666130493;TJPE30240202110071633623888924;d40e303d5fa3bfdea1df780e4e4c8fe6828338ce13ea2d4a717321405116763f;3;1633623888934;;88;83;0;TJPE;G1;702683.0;2021/TJPE/10/G1/TJPE30240202110071633623888924;False;2021-10-07 13:24:48.934;Processado com sucesso
5;666130485;TJPE33448202110071633623886909;357b14182bf2925ce92043ab5f4a8f380a2f1aa7b9a4f5b7fc69459e719f7bc1;3;1633623886914;;85;85;0;TJPE;G1;635558.0;2021/TJPE/10/G1/TJPE33448202110071633623886909;False;2021-10-07 13:24:46.914;Processado com sucesso
6;666130466;TJPE53694202110071633623883347;71f1e755fb96471b08e09885e75e3637761e7d38a07f0bb8bf3318d51ab7d552;3;1633623883352;;86;86;0;TJPE;G1;701539.0;2021/TJPE/10/G1/TJPE53694202110071633623883347;False;2021-10-07 13:24:43.352;Processado com sucesso
7;666130462;TJPE80445202110071633623881519;dcb26f9b934d8e4c5245dbbd263a1842221e184b5021aab90883122fc7c8a844;3;1633623881528;;94;94;0;TJPE;G1;802062.0;2021/TJPE/10/G1/TJPE80445202110071633623881519;False;2021-10-07 13:24:41.528;Processado com sucesso
8;666130441;TJPE64264202110071633623878838;a2b38e5ba65cf40f14b5352911ab513249423c3c7acff7221eda8167d9a3c916;3;1633623878844;;93;92;0;TJPE;G1;766494.0;2021/TJPE/10/G1/TJPE64264202110071633623878838;False;2021-10-07 13:24:38.844;Processado com sucesso
9;666130423;TJPE64020202110071633623876248;7907677cd455e0df8773f33672941fae0203c00a9bf89faa78841ac14be1c499;7;1633623876256;;0;0;0;TJPE;G1;;2021/TJPE/10/G1/TJPE64020202110071633623876248;False;2021-10-07 13:24:36.256;Erro no arquivo
10;666130412;TJPE64006202110071633623874333;5115ff68ad64fd9508ce22d2dda0413d3e240485e7007b437b66ff6baa3de08f;7;1633623874337;;0;0;0;TJPE;G1;;2021/TJPE/10/G1/TJPE64006202110071633623874333;False;2021-10-07 13:24:34.337;Erro no arquivo
11;666130405;TJPE93946202110071633623872073;2ad8f51ef13367c43a7e05ebddb66228f89e3e7a1ff11f6c37621a5ca19fbeaa;7;1633623872078;;0;0;0;TJPE;G1;;2021/TJPE/10/G1/TJPE93946202110071633623872073;False;2021-10-07 13:24:32.078;Erro no arquivo
12;666130390;TJPE92504202110071633623870125;5c7937e90b6cd16c05098fac48e547188b1358cd5595ec436de158daaeae0a2f;3;1633623870129;;81;80;0;TJPE;G1;589711.0;2021/TJPE/10/G1/TJPE92504202110071633623870125;False;2021-10-07 13:24:30.129;Processado com sucesso
13;666130366;TJPE20657202110071633623867711;6d2b5c770afa41eb1fef96a845184b7a68a7c9318259fdeae57095ce72be1a11;3;1633623867723;;83;81;0;TJPE;G1;649139.0;2021/TJPE/10/G1/TJPE20657202110071633623867711;False;2021-10-07 13:24:27.723;Processado com sucesso
14;666130355;TJPE84085202110071633623865463;5a5a4ad5b018da83c1d0f6204a008fba25266bc920498d7e8e63201a52261700;3;1633623865468;;88;83;0;TJPE;G1;648627.0;2021/TJPE/10/G1/TJPE84085202110071633623865463;False;2021-10-07 13:24:25.468;Processado com sucesso
15;666130331;TJPE39663202110071633623861876;de4703cd927d1c56b8215bc07d7d78b818b65cff8bdff90b6321dbff731e2480;3;1633623861882;;90;88;0;TJPE;G1;762917.0;2021/TJPE/10/G1/TJPE39663202110071633623861876;False;2021-10-07 13:24:21.882;Processado com sucesso
16;666130306;TJPE27157202110071633623859917;24bbe9c61185c3b0c6883a8a57420fb7bd826cbec321433694efd0cc6eb8ff71;3;1633623859923;;90;89;0;TJPE;G1;754148.0;2021/TJPE/10/G1/TJPE27157202110071633623859917;False;2021-10-07 13:24:19.923;Processado com sucesso
17;666130300;TJPE75446202110071633623858036;977bc392c606e4d5e0f087f8f54202969e8b311237f2902f97273d788369b3d8;3;1633623858046;;87;86;0;TJPE;G1;647165.0;2021/TJPE/10/G1/TJPE75446202110071633623858036;False;2021-10-07 13:24:18.046;Processado com sucesso
18;666130288;TJPE13422202110071633623856225;d4af1630bacac14843c2c0e0c35bc251b36ab97d1744bbac685e083bbf95c791;3;1633623856230;;91;86;0;TJPE;G1;681112.0;2021/TJPE/10/G1/TJPE13422202110071633623856225;False;2021-10-07 13:24:16.230;Processado com sucesso
19;666130277;TJPE13028202110071633623853914;1c25c5deee74eef0a30a9bbe2530402d73e362f69fcc87dcf9272ca734641c62;3;1633623853920;;92;92;0;TJPE;G1;735101.0;2021/TJPE/10/G1/TJPE13028202110071633623853914;False;2021-10-07 13:24:13.920;Processado com sucesso
20;666130260;TJPE43263202110071633623851740;f435eec21a3c9614169d4de3e2d2fbebafd5b1e094bbfc0b6a834ebdfbf92836;3;1633623851748;;87;87;0;TJPE;G1;626941.0;2021/TJPE/10/G1/TJPE43263202110071633623851740;False;2021-10-07 13:24:11.748;Processado com sucesso
21;666130249;TJPE74295202110071633623849481;9c6228ea21c21a802cce71fbe1416e023523775ed0d9349f3906902401c19cdb;3;1633623849487;;89;84;0;TJPE;G1;670848.0;2021/TJPE/10/G1/TJPE74295202110071633623849481;False;2021-10-07 13:24:09.487;Processado com sucesso
22;666130231;TJPE40883202110071633623847194;c4c83a898e8f986a3267e6786cbee369f97a2b2b2e07b2a44d831a754de0e6df;3;1633623847200;;89;87;0;TJPE;G1;720388.0;2021/TJPE/10/G1/TJPE40883202110071633623847194;False;2021-10-07 13:24:07.200;Processado com sucesso
23;666130216;TJPE28861202110071633623844867;be09ebd3707606cd96887c95cec4549f603f923d980fcbf74d6b1d50dcff5a3d;3;1633623844871;;89;89;0;TJPE;G1;644806.0;2021/TJPE/10/G1/TJPE28861202110071633623844867;False;2021-10-07 13:24:04.871;Processado com sucesso
24;666130203;TJPE88064202110071633623842874;c3183a7a05bcc99ce5b3642becc96759f9457e7bfa2ce7ccfdffc1da954070dc;3;1633623842886;;86;85;0;TJPE;G1;627318.0;2021/TJPE/10/G1/TJPE88064202110071633623842874;False;2021-10-07 13:24:02.886;Processado com sucesso
25;666130189;TJPE61386202110071633623840582;11e7c3c1b18c691c85b6d8c8b22e5a611d2e1f124fe01b90d58fa34695bc2e1b;7;1633623840587;;0;0;0;TJPE;G1;;2021/TJPE/10/G1/TJPE61386202110071633623840582;False;2021-10-07 13:24:00.587;Erro no arquivo
26;666130157;TJPE17118202110071633623837386;c6a8f779e8a6b902e29a86c7705f6e208d3e52d18fd1d392712ce28c0b79daed;3;1633623837395;;88;88;0;TJPE;G1;720720.0;2021/TJPE/10/G1/TJPE17118202110071633623837386;False;2021-10-07 13:23:57.395;Processado com sucesso
27;666130139;TJPE63712202110071633623834366;65cee648696ccb8cd1e0b1efb07a69943d5f1f9dc8f91e8806246c11379bfc5b;3;1633623834372;;93;92;0;TJPE;G1;752359.0;2021/TJPE/10/G1/TJPE63712202110071633623834366;False;2021-10-07 13:23:54.372;Processado com sucesso
28;666130122;TJPE74923202110071633623832519;cadc844ec84c138bef812518c142e69d5c76bca3284f3a08b73e8ee8b56cec57;7;1633623832526;;0;0;0;TJPE;G1;;2021/TJPE/10/G1/TJPE74923202110071633623832519;False;2021-10-07 13:23:52.526;Erro no arquivo
29;666130103;TJPE70789202110071633623830139;36d68c1a210e85afc463a3c9caadb1ce4687db42960c1b2cfd7d1753c945c9e2;3;1633623830145;;88;82;0;TJPE;G1;689382.0;2021/TJPE/10/G1/TJPE70789202110071633623830139;False;2021-10-07 13:23:50.145;Processado com sucesso
30;666130080;TJPE68029202110071633623828276;ea84ffdd1187aeb5a5521caa856143ddc2d62a3b5887cfc9ed0da6ac139cc1d1;3;1633623828287;;92;90;0;TJPE;G1;712655.0;2021/TJPE/10/G1/TJPE68029202110071633623828276;False;2021-10-07 13:23:48.287;Processado com sucesso
31;666130055;TJPE39008202110071633623825996;c58d5d75b75008e43fb0be9bd0bb37f5b7a36c008da0b50de935a1c83fa935cf;3;1633623826002;;99;94;0;TJPE;G1;699347.0;2021/TJPE/10/G1/TJPE39008202110071633623825996;False;2021-10-07 13:23:46.002;Processado com sucesso
32;666130022;TJPE33258202110071633623824045;70bfa0745606a47e5531499b80e906a697ad8f6550fc061d58230629f0f9f327;3;1633623824054;;91;91;0;TJPE;G1;657655.0;2021/TJPE/10/G1/TJPE33258202110071633623824045;False;2021-10-07 13:23:44.054;Processado com sucesso
33;666129997;TJPE25742202110071633623821558;2b7df818e137f76ee366ab23693a93898917da9a2a41c42f2ed49462843178fd;7;1633623821563;;0;0;0;TJPE;G1;;2021/TJPE/10/G1/TJPE25742202110071633623821558;False;2021-10-07 13:23:41.563;Erro no arquivo
34;666129979;TJPE57023202110071633623819378;50a083a371182bb1185116ccc4ba77a5fabba4074829e71df1bd5b354f35f427;7;1633623819384;;0;0;0;TJPE;G1;;2021/TJPE/10/G1/TJPE57023202110071633623819378;False;2021-10-07 13:23:39.384;Erro no arquivo
35;666129957;TJPE64889202110071633623817337;dc168315273cd6b6752cbd0084f2d742ae9b3bbcb30f4658596fc55afd741575;3;1633623817349;;89;83;0;TJPE;G1;692548.0;2021/TJPE/10/G1/TJPE64889202110071633623817337;False;2021-10-07 13:23:37.349;Processado com sucesso
36;666129938;TJPE72696202110071633623814696;1a6a456f16f633a9d21811d5496d1ba8878324f3c7718c670c8fbf14c5e75d0d;3;1633623814706;;92;87;0;TJPE;G1;724494.0;2021/TJPE/10/G1/TJPE72696202110071633623814696;False;2021-10-07 13:23:34.706;Processado com sucesso
